ok;score;nombre;justificacion;marca;categoria;cuota;prom_categoria;desvio;ingredientes;toxicidad;red_flags;nutri_negativo;nutri_positivo;ultraprocesado;pobreza;amortiguacion;excesos;beneficiosos;alertas;id
;100;Agua Mineral Nativa Sin Gas 2.25 L;"Agua mineral y nada más. Un único ingrediente con puntaje perfecto, sin aditivos, sin azúcar y sin sodio agregado. No hay absolutamente nada que penalizar: es el 100 de la escala.";Nativa;Aguas;agua_100;83;17;-3.0;0.0;0.0;0.0;0.0;0.0;0.0;0.0;;;SIN_NUTRIENTES_QUE_MOSTRAR;a8e4754c-7dfd-4f8c-9346-23ffd2755905
;100;AGUA MINERAL MATUTINA SIN GAS BOTELLA 2.25 LITROS;"Agua mineral con bicarbonato de sodio naturalmente presente, un mineral sin objeciones. Sin azúcares, sin aditivos y sin calorías. Igual que cualquier agua sin gas, se queda con el puntaje máximo.";MATUTINA;Aguas;agua_100;83;17;-0.9;0.0;0.0;0.0;0.0;0.0;0.0;0.0;;;SIN_NUTRIENTES_QUE_MOSTRAR;55692058-c48e-48a9-b725-c1ec02fb1828
;26;Coca Cola Retornable 2 L - Incluye Envase;"Lleva sello de exceso de azúcares, que descuenta 15 puntos, y la clasificación como ultraprocesado otros 20. A eso se suman el caramelo amónico de sulfito y el ácido fosfórico, dos aditivos de toxicidad media, y 15 puntos más por no aportar ningún nutriente beneficioso. Es azúcar disuelta en agua carbonatada.";Coca Cola;Refrescos;refresco_azucarado;25;1;14.9;7.0;2.4;15.0;0.0;20.0;15.0;0.0;Azúcares 11g;;;8e4d5651-b680-454c-9c39-116bdf459a6d
;26;Refresco Cola Pepsi No Retornable - Botella 1.50 L;"Prácticamente idéntica a la Coca-Cola en composición y en puntaje: mismo sello de azúcares, mismo caramelo amónico, mismo ácido fosfórico y la misma ausencia total de nutrientes que aporten algo. Los 26 puntos que quedan son casi todo el agua.";Pepsi;Refrescos;refresco_azucarado;25;1;15.1;6.6;2.4;15.0;0.0;20.0;15.0;0.0;Azúcares 11g;;;ef3bdfa7-6759-4b2a-ad6f-58cd76f1cea6
;25;Sprite Original 3L;"Un punto por debajo de la Coca-Cola. Comparte el sello de azúcares y el ultraprocesado, y agrega benzoato de sodio y EDTA cálcico disódico, dos conservantes que el modelo puntúa duro. Sin color caramelo, pero la carga de aditivos termina siendo equivalente.";Sprite;Refrescos;refresco_azucarado;25;0;14.1;8.6;2.5;15.0;0.0;20.0;15.0;0.0;Azúcares 5.75g;;;03de8eea-2b9e-48de-82a2-d87ade947249
;16;Fanta Original 3L;"Diez puntos por debajo de la Coca-Cola, y la diferencia son los colorantes: amarillo ocaso y amaranto, este último con la toxicidad más alta de la tabla. Sumados al sello de azúcares, al ultraprocesado y al benzoato de sodio, la dejan entre los refrescos peor puntuados.";Fanta;Refrescos;refresco_azucarado;25;9;20.0;11.0;3.1;15.0;0.0;20.0;15.0;0.4;Azúcares 6g;;;83a1c583-1aa1-40a1-b037-4e89f33192e7
;100;Lentejones Río De La Plata 1 Kg;"Un solo ingrediente y de los mejores posibles. Aporta 21,7 g de proteína y 3,5 g de fibra por cada 100 g, ambos muy por encima del umbral, sin aditivos ni azúcar agregado. Una legumbre seca es lo más cerca del ideal que hay en una góndola.";Rio De La Plata;Legumbres secas;natural_100;91;9;-3.0;0.0;0.0;0.0;0.0;0.0;3.0;0.0;;Fibra alimentaria 3.5g | Proteínas 21.67g;;fc94d390-0cf5-421f-af87-56c55a7a8916
;100;Maracuya Congelado Cambay 500 G;"Fruta congelada, ingrediente único, sin azúcar agregado ni conservantes. Declara justo el mínimo de fibra y proteína para que cuenten como aporte, así que casi no suma por ese lado, pero tampoco tiene nada que restar.";Cambay;Congelados;natural_100;64;36;-3.0;0.0;0.0;0.0;0.0;0.0;3.0;0.0;;Fibra alimentaria 1g | Proteínas 2g;;f67e1b43-a81e-414e-8d94-c52bc5187262
;12;Alfajor Milka Oreo Dulce De Leche 55 G;"El golpe fuerte viene de la tabla nutricional: 42,5 puntos de descuento por exceso, sobre todo azúcares y grasas saturadas. A eso se suman los 20 del ultraprocesado y el jarabe de maíz de alta fructosa entre los primeros ingredientes. Ni la fibra ni la proteína del cacao alcanzan a compensar.";Milka;Golosinas y Chocolates;alfajor;21;9;17.3;6.8;2.8;42.5;3.1;20.0;5.0;2.9;Azúcares 42.62g | Grasas saturadas 10.66g;Fibra alimentaria 2.13g | Proteínas 6.23g;;e7d0c81e-7640-4d14-afe0-938ec8e2d8ab
;13;Alfajor Bon O Bon Mini 6 U 117G;"Tiene aceite de soja hidrogenado, el peor puntaje posible en la tabla de ingredientes, más aceite de palma interesterificado y jarabe de glucosa. Con 500 kcal por cada 100 g, ultraprocesado y una lista de 19 ingredientes, los 13 puntos que quedan salen del maní y la leche.";Bon O Bon;Golosinas y Chocolates;alfajor;21;8;23.8;11.5;3.8;28.0;3.9;20.0;5.0;1.6;Azúcares 35.9g | Grasas saturadas 10.77g;Fibra alimentaria 2.05g | Proteínas 8.72g;;197f52e7-91f5-42b3-bffd-eb5e9f4c51e7
;17;Alfajor De Maicena Conaprole 6 Ud;"El más benigno de los tres alfajores, y aun así queda en 17. Lleva sello de exceso de azúcares, que descuenta 15 puntos de una, más los 20 del ultraprocesado. Suma algo por la proteína y por tener huevo y vainilla natural en vez de sustitutos, pero el dulce de leche y el azúcar impalpable mandan.";Conaprole;Golosinas y Chocolates;alfajor;21;4;19.5;5.3;3.0;27.9;2.4;20.0;10.0;0.3;Grasas saturadas 6.17g | Azúcares -1;Proteínas 6.33g;;8ef8962c-a22d-4bdb-8955-13c7dadaf977
;7;Goma Mogul Oso Extreme 50 G;"Azúcar y jarabe de glucosa como base, y encima tres colorantes duros: azul brillante, rojo allura y dióxido de titanio, este último con la toxicidad máxima. Con 80 g de carbohidratos por 100 g y ultraprocesado, es de los productos más castigados del catálogo.";Mogul;Golosinas y Chocolates;gomitas;21;14;28.6;12.8;4.8;27.4;1.8;20.0;10.0;9.1;Azúcares 26.65g | Grasas saturadas -1;Proteínas 5g;MUY_AMORTIGUADO;8ebed2bb-1e21-482c-92f8-e0032b112367
;12;Gomitas Haribo Worms 80 G;"Sello de exceso de azúcares, 80 g de carbohidratos por cada 100 g y una lista larga de aditivos: almidón modificado, hidróxido de sodio, aceite mineral y rojo allura. La proteína de la gelatina es lo único que suma, y suma poco.";Haribo;Golosinas y Chocolates;gomitas;21;9;29.4;13.4;5.3;15.0;2.4;20.0;10.0;2.7;Azúcares -1;Proteínas 6.3g;;453912c2-a7a9-4df5-96ce-bf1ddbb3ff44
;13;Gomas Gelatina Beijos Fini 100 G;"85 g de carbohidratos por 100 g, casi todo azúcar y jarabe de glucosa. Lleva rojo allura y dióxido de titanio, dos colorantes de toxicidad alta, más aromatizante sin especificar. Ultraprocesado y sin ningún aporte nutricional que compense.";Fini;Golosinas y Chocolates;gomitas;21;8;27.9;13.2;5.2;15.0;2.6;20.0;10.0;1.8;Azúcares 25g;Proteínas 7g;;ba5541fb-40fe-4461-8160-4e54fce44cb2
;16;Hamburguesa Congelada Schneck 12 U 1 Kg;"Sorprende lo bajo para ser carne. La tabla nutricional descuenta 38 puntos por grasas y sodio, y el ultraprocesado otros 20. Pesan los aditivos: glutamato monosódico, tripolifosfato de sodio y polifosfato potásico. Los 18 g de proteína por 100 g no alcanzan a rescatarla.";Schneck;Congelados;sorpresa;64;48;14.6;9.8;3.4;38.3;6.7;20.0;5.0;0.5;Colesterol 105.95mg | Grasas saturadas 8.33g | Grasas trans 0.6g;Grasas monoinsaturadas 8.81g | Proteínas 17.86g;;74b55590-e690-4715-a5af-c7bc7df508d4
;16;Hamburguesas Sarubbi Gigante Extra Carne 4 U;"Mismo caso que las otras hamburguesas congeladas: buena proteína, pero 34 puntos de descuento por la tabla nutricional y 20 por ultraprocesado. Los polifosfatos y el difosfato de tetrasodio, usados para retener agua, arrastran el puntaje hacia abajo.";Sarubbi;Congelados;sorpresa;64;48;13.9;7.8;3.4;34.0;4.5;20.0;10.0;0.5;Grasas saturadas 8.5g | Grasas trans 0.63g | Sodio 833.75mg;Proteínas 17.5g;;4d655902-f1ce-4f3d-9dba-dcfd112f6bfc
;72;Galletas Dulces Sin Azúcar El Trigal 150 G;"La sorpresa del catálogo. Sin sello de exceso y con 22 g de fibra por 100 g gracias a la polidextrosa, más grasas monoinsaturadas del girasol alto oleico. La sucralosa descuenta algo, pero al no estar clasificada como ultraprocesada se salva de los 20 puntos que hunden a casi toda su categoría.";El Trigal;Galletitas Dulces;sorpresa;21;51;22.8;7.0;2.8;4.8;9.7;0.0;0.0;0.0;;Fibra alimentaria 22g | Grasas monoinsaturadas 9g | Grasas poliinsaturadas 0.67g | Proteínas 7g;PENALIZA_SIN_EXCESO_VISIBLE;fff7e161-84ca-4e19-a91c-ed292877ced0
;20;Hamburguesa Congelada Chori Schneck 2 U 167 G;"Mezcla de carne vacuna y porcina con buen puntaje de base, pero 30 puntos de descuento nutricional por grasas y sodio, más los 20 del ultraprocesado. El tripolifosfato de sodio es el aditivo que más pesa.";Schneck;Congelados;sorpresa;64;44;10.9;9.7;3.6;30.4;4.4;20.0;10.0;0.0;Grasas saturadas 6.9g | Sodio 765.48mg;Proteínas 16.67g;;935135d8-8084-4d3b-b12e-1b2d938a4eb5
;80;SAMAN Mini Galletas de Arroz Clásicas;"Dos ingredientes: arroz y sal. No está clasificada como ultraprocesada, no tiene aditivos y aporta 8,3 g de proteína y 4 g de fibra por 100 g. Los carbohidratos son altos y por eso no llega más arriba, pero es de lo mejor que hay en su categoría.";Saman;Galletitas Saladas;sorpresa;40;40;6.5;3.4;0.7;6.0;1.6;0.0;5.0;0.0;;Fibra alimentaria 4g | Proteínas 8.33g;PENALIZA_SIN_EXCESO_VISIBLE;9db44ddf-8076-4ba6-b994-5f4a0d4e04b2
;15;Bizcochos Dulces Hojalmar Palmeras 150 G;"Sello de exceso de azúcares, 490 kcal por cada 100 g y margarina vegetal como segundo ingrediente. Sumado al ultraprocesado y al aromatizante sabor manteca, queda entre los productos más castigados de la panadería industrial.";Hojalmar;Panes;sorpresa;51;36;17.3;7.2;3.0;38.5;4.8;20.0;5.0;0.9;Grasas saturadas 16g | Azúcares -1;Fibra alimentaria 3.67g | Proteínas 8.67g;;42a6b8d9-3206-4053-b065-fae4e2f10466
;96;Mango Congelado Cambay 500 G;"Fruta congelada sin nada agregado: un solo ingrediente con puntaje perfecto y sin aditivos. Aporta 1,4 g de fibra por 100 g, suficiente para contar. Lo único que lo separa del 100 es que no declara otros nutrientes.";Cambay;Congelados;sorpresa;64;32;-3.0;0.0;0.0;0.0;0.0;0.0;7.0;0.0;;Fibra alimentaria 1.4g;;a314a1af-164a-4391-8e17-cb3b75372d4f
;96;Anana Congelada Cambay 500 G;"Ananá congelada y nada más. Sin azúcar agregado, sin conservantes y con 1,9 g de fibra por 100 g. Como todas las frutas congeladas del catálogo, se queda muy arriba porque no hay nada que descontar.";Cambay;Congelados;sorpresa;64;32;-3.0;0.0;0.0;0.0;0.0;0.0;7.0;0.0;;Fibra alimentaria 1.9g;;7496af3f-57d1-48ad-a118-83f1c7fdd3d4
;79;Jugo Citric Naranja Tetra 250 Ml;"Un jugo con 79 puntos llama la atención, y la razón es que tiene un solo ingrediente: jugo de naranja exprimido, sin conservantes ni azúcar agregado. No suma más porque no declara vitamina C ni otros nutrientes que superen el umbral.";Citric;Jugos;sorpresa;46;33;4.8;5.6;1.0;0.0;0.0;0.0;10.0;0.0;;Fibra alimentaria 0.6g;;26af1470-4711-4100-896c-3fa4f7797ee8
;86;Aceite De Oliva Sibarita 500 Ml;"Aceite de oliva extra virgen puro, sin refinados ni antioxidantes sintéticos. Las grasas monoinsaturadas, 65 g por cada 100 ml, suman el máximo posible. Pierde 12 puntos por la densidad calórica, inevitable en cualquier aceite, pero se queda entre los mejor puntuados.";Sibarita;Aceites y Vinagres;sorpresa;56;30;-0.4;0.0;0.0;12.0;0.4;0.0;3.0;0.0;Grasas saturadas 15.38g;Grasas monoinsaturadas 65.38g | Grasas poliinsaturadas 11.54g;;4efc71b5-d59c-451d-9f8f-4d30b44347b2
;86;ACEITE OLIVA EXTRA VIRGEN RIO DE LA PLATA 500 Ml;"Extra virgen de un solo ingrediente, con 61 g de grasas monoinsaturadas y 14 g de poliinsaturadas por 100 ml. El único descuento serio son las 823 kcal por 100 ml, que todo aceite arrastra por definición.";Rio De La Plata;Aceites y Vinagres;sorpresa;56;30;-0.4;0.0;0.0;12.0;0.4;0.0;3.0;0.0;Grasas saturadas 16.92g;Grasas monoinsaturadas 60.77g | Grasas poliinsaturadas 13.85g;;5a939a15-5558-4037-a108-6774d4477636
;86;Aceite De Oliva Seleccion Natura 500 Ml;"Mismo perfil que los otros extra vírgenes: ingrediente único, sin aditivos, con el máximo de puntos por grasas monoinsaturadas. El contraste con los aceites de semilla del catálogo lo da la ausencia de antioxidantes sintéticos.";Natura;Aceites y Vinagres;sorpresa;56;30;-0.4;0.0;0.0;12.0;0.4;0.0;3.0;0.0;Grasas saturadas 15.38g;Grasas monoinsaturadas 63.85g | Grasas poliinsaturadas 12.31g;;f8c1cc38-1e32-4112-81ee-7260f996c4ef
;66;Aderezo Mostaza Dijon Maille 215 G;"Base simple de agua, semillas de mostaza y vinagre, todos con buen puntaje. Pierde por el metabisulfito de potasio, un conservante de toxicidad media, por el sodio y por no aportar casi ningún nutriente más allá de la proteína de la semilla.";Maille;Aderezos;sorpresa;33;33;8.3;5.6;1.4;12.0;2.9;0.0;10.0;0.0;Sodio 1925mg;Proteínas 8.33g;;ccf50f27-c02f-47d1-9784-be7e0334c2a0
;61;Masa Para Tarta Con Semillas Avanti;"Las semillas de lino, chía y sésamo levantan bastante: aportan fibra y grasas buenas, y tienen puntajes de ingrediente muy altos. Lo que la frena son los 20 puntos de ultraprocesado y los conservantes propionato de calcio y cloruro de potasio.";Avanti;Masas;sorpresa;27;34;8.9;4.0;1.9;8.4;4.2;20.0;0.0;0.0;;Fibra alimentaria 3g | Grasas monoinsaturadas 6.67g | Grasas poliinsaturadas 2.33g | Proteínas 6.67g;PENALIZA_SIN_EXCESO_VISIBLE;7cea54a1-bfe8-43a8-8283-ccd8a98759a6
;85;Leche Conaprole UHT Descremada 0% lactosa 1L;"Un solo ingrediente y 113 mg de calcio por cada 100 ml, que suma el máximo por ese nutriente, más proteína suficiente. Sin aditivos ni azúcar agregado. El descuento viene del procesamiento de la leche sin lactosa, no de su composición.";Conaprole;Leches y Yogures;sorpresa;59;27;10.0;0.0;0.0;0.0;0.0;0.0;5.0;0.0;;Calcio 113.5mg | Proteínas 3.55g;;09387563-afec-4044-8348-66ec82b8f4f4
;97;Almendras Peladas Rio De La Plata 100 G;"Ingrediente único con 12 g de fibra y 20,7 g de proteína por cada 100 g, ambos cerca del máximo que el modelo puede acreditar. Las 613 kcal por 100 g son altas pero provienen de grasas buenas, así que el impacto es mínimo.";Rio De La Plata;Frutos Secos;sorpresa;74;23;-0.4;0.0;0.0;0.0;0.0;0.0;3.0;0.0;;Fibra alimentaria 12g | Proteínas 20.67g;;86b7d26b-b3bd-4eca-be3d-aa2e6cb31a57
;70;Galletas De Arroz Cerealitas 160 G;"Cuatro ingredientes simples y ningún aditivo, lo que la salva de la clasificación de ultraprocesado que hunde a casi toda su categoría. Descuenta por los 81 g de carbohidratos por 100 g, pero aporta 8 g de proteína y algo de fibra.";Cerealitas;Galletitas Saladas;sorpresa;40;30;10.5;4.2;1.6;12.0;3.1;0.0;5.0;0.0;;Fibra alimentaria 1.56g | Proteínas 8.13g;PENALIZA_SIN_EXCESO_VISIBLE;82b7fc07-48d3-4a7c-980f-85c2217d8afa
;80;Aceite De Oliva Rio De La Pla 250 Ml;"Aceite de oliva, aunque no declarado extra virgen, lo que le baja algo el puntaje de ingrediente frente a sus pares. Mantiene el perfil de grasas monoinsaturadas alto y no lleva aditivos, así que queda apenas por debajo del resto de los aceites de oliva.";Rio De La Plata;Aceites y Vinagres;sorpresa;56;24;4.8;0.0;0.0;12.0;1.9;0.0;5.0;0.0;Grasas saturadas 16.92g;Grasas monoinsaturadas 60.77g | Grasas poliinsaturadas 13.85g;;9ebe2f87-281f-4eba-8628-6519318a1076
;58;Masa Para Tarta Integral Avanti;"El salvado y la harina integral aportan 5 g de fibra por 100 g, el doble que la versión común. Aun así pierde 20 puntos por ultraprocesado y arrastra conservantes: propionato de calcio, ácido sórbico y mono y diglicéridos.";Avanti;Masas;sorpresa;27;31;12.6;4.8;2.6;8.2;6.0;20.0;0.0;0.0;;Fibra alimentaria 5g | Grasas monoinsaturadas 7g | Grasas poliinsaturadas 1g | Proteínas 6g;PENALIZA_SIN_EXCESO_VISIBLE;fd718339-44e6-4b43-95a0-4dd35c630148
;82;Leche Entera La Serenísima Bot 1.00 L. Natural;"Leche entera fortificada con vitaminas A y D. Suma por calcio, proteína y las dos vitaminas agregadas, cuatro nutrientes por encima del umbral. Descuenta apenas por las grasas saturadas propias de la leche entera.";La Serenísima;Leches y Yogures;sorpresa;59;24;13.6;3.9;1.2;5.3;6.1;0.0;0.0;0.0;;Calcio 105mg | Proteínas 3g | Vitamina A 64µg | Vitamina D 1µg;PENALIZA_SIN_EXCESO_VISIBLE;2a691c91-ab85-42ca-9b7b-462807021ff7
;81;Leche Descremada La Serenísima 1.00 L. Natural;"Sin descuento nutricional alguno: al ser descremada no tiene grasas saturadas que penalizar. Suma calcio, proteína y las vitaminas A y D agregadas. Queda un punto por debajo de la entera solo por el mayor procesamiento del descremado.";La Serenísima;Leches y Yogures;sorpresa;59;23;20.4;3.9;1.2;0.0;6.7;0.0;0.0;0.0;;Calcio 105mg | Proteínas 3g | Vitamina A 64µg | Vitamina D 1µg;;636b0868-ffaa-4645-afd2-9cccfa4c11fb
;52;Galletas Dulce Sin Azúcar El Trigal Chocolate 150 G;"Tiene 23 g de fibra por 100 g, incluso más que su hermana de vainilla, y suma el máximo posible por nutrientes beneficiosos. La diferencia de 20 puntos entre ambas es que esta sí está clasificada como ultraprocesada, con una lista de ingredientes casi idéntica.";El Trigal;Galletitas Dulces;sorpresa;21;31;22.7;7.0;2.9;5.3;10.0;20.0;0.0;0.0;;Fibra alimentaria 23.33g | Grasas monoinsaturadas 9g | Grasas poliinsaturadas 0.67g | Proteínas 8g;PENALIZA_SIN_EXCESO_VISIBLE;9422dd33-be83-4a17-90fc-a7e2663f3d00
;16;Galletas Al Agua Famosa Pack 420 G;"La galleta de agua tiene fama de liviana, pero acá pierde 32 puntos por la tabla nutricional: 430 kcal y 70 g de carbohidratos por 100 g, con grasa vacuna refinada como segundo ingrediente. Los 20 del ultraprocesado terminan de hundirla.";Famosa;Galletitas Saladas;trampa;40;24;20.9;7.4;3.2;32.2;4.8;20.0;5.0;0.4;Grasas trans 0.67g | Sodio 636.67mg;Fibra alimentaria 2.67g | Proteínas 11g;;79837503-512b-4dc0-a4a1-7d2ac7f8f9dc
;19;Snack Saladix Arcor Jamon Caja 100 G;"Se vende como snack horneado, pero encabeza la lista el aceite y sigue el azúcar. Pierde 25 puntos por la tabla nutricional, 20 por ultraprocesado y arrastra metabisulfito de sodio y jarabe de glucosa. Aporta algo de proteína del queso en polvo, nada más.";Saladix;Galletitas Saladas;trampa;40;21;22.9;7.9;3.7;25.5;3.9;20.0;5.0;0.0;Sodio 833.33mg;Fibra alimentaria 2g | Proteínas 9g;;f84f52b8-e68e-4d79-a3be-60080225ce8d
;23;Refresco En Polvo Tang Naranja Dulce 18 G;"El primer ingrediente es azúcar y aun así lleva aspartamo y acesulfamo K, o sea que combina azúcar con edulcorantes. Con 66 g de carbohidratos por 100 g de polvo y 14 ingredientes, lo único que suma es la vitamina D agregada.";Tang;Jugos;trampa;46;23;28.1;11.1;3.2;27.0;2.9;0.0;10.0;0.0;Azúcares 63.89g | Sodio 750mg;Vitamina D 20.83µg;;829f580c-0fe9-4d69-af0b-bf9877ea54cb
;20;Snack Saladix Arcor Calabre Bolsa 100 G;"Idéntico a su hermano de jamón en composición y puntaje: aceite y azúcar arriba de la lista, ultraprocesado, metabisulfito de sodio y 440 kcal por 100 g. La categoría entera de snacks salados se ubica en este rango.";Saladix;Galletitas Saladas;trampa;40;20;22.9;7.9;3.7;24.2;4.1;20.0;5.0;0.0;Sodio 843.33mg;Fibra alimentaria 2g | Proteínas 9.67g;;e4a6f7a9-aef8-4509-b41c-0eba70cdca70
;25;Galletas Cracker Finitas La Celestina 300 G;Cracker salada con grasa vacuna refinada como segundo ingrediente y 427 kcal por 100 g. Pierde 24 puntos por la tabla nutricional y 20 por ultraprocesado. La proteína del trigo es lo único que rescata.;Fini;Galletitas Saladas;trampa;40;15;21.9;5.3;2.8;24.0;4.5;20.0;5.0;0.0;Grasas saturadas 6g;Fibra alimentaria 2g | Proteínas 11.33g;;10757f2b-de6d-4129-9911-2a8f03f48384
;29;Jugo Dairyco Naranja Light 500 Ml;"Casi todo el castigo viene de los ingredientes, no del azúcar: benzoato de sodio, sorbato de potasio y sucralosa sobre un jugo reconstituido, no exprimido. Sin azúcar no hay descuento nutricional, pero tampoco queda ningún nutriente que acreditar.";Dairyco;Jugos;trampa;46;17;39.3;12.0;4.3;0.0;0.0;0.0;15.0;0.0;;;SIN_NUTRIENTES_QUE_MOSTRAR;3701257c-604e-4c58-8bd3-436a78459dcb
;21;Agua Saborizada Salus Sin Gas Frutte Pomelo 1.5 L;"Parece agua, pero lleva azúcar invertido, acesulfamo K, benzoato de sodio y aromatizante sin especificar, doce ingredientes en total. Está clasificada como ultraprocesada y no aporta ningún nutriente. De agua tiene el nombre.";Salus;Aguas Saborizadas;trampa;32;11;16.8;9.2;3.2;14.5;0.0;20.0;15.0;0.0;;;SIN_NUTRIENTES_QUE_MOSTRAR PENALIZA_SIN_EXCESO_VISIBLE;926b3ce0-d22c-486d-b0a0-e8c5f918c761
;37;Galletas Cerealitas Avena Cacao 170 Gr;"La avena, el salvado y la harina integral aportan 4,4 g de fibra por 100 g y algo de proteína. Pero el azúcar es el segundo ingrediente, tiene 434 kcal por 100 g y está clasificada como ultraprocesada. El rótulo promete más de lo que entrega.";Cerealitas;Galletitas Dulces;trampa;21;16;15.8;5.0;2.8;19.6;5.1;20.0;5.0;0.0;Azúcares 22.81g;Fibra alimentaria 4.38g | Proteínas 8.44g;;c3b3dc33-cfd7-4d6f-91be-d791d90590f8
;32;Jugo Dairyco Naranja 500 Ml;"Jugo reconstituido, no exprimido, con benzoato de sodio y sorbato de potasio. El descuento por ingredientes es de los más altos del catálogo, y como no declara ningún nutriente por encima del umbral, se lleva además la penalización completa por pobreza nutricional.";Dairyco;Jugos;trampa;46;14;37.7;11.8;3.6;0.0;0.0;0.0;15.0;0.0;;;SIN_NUTRIENTES_QUE_MOSTRAR;4dcd321f-694c-404b-a9a0-a6772e4e8c62
;22;Agua Saborizada Salus Frutte Sin Gas Manzana 1.5 L;"Mismo caso que la versión de pomelo: azúcar invertido, benzoato de sodio, sorbato de potasio y aromatizante sin especificar, sobre una base de agua mineral. Ultraprocesada y sin ningún aporte nutricional.";Salus;Aguas Saborizadas;trampa;32;10;16.8;9.1;3.1;14.5;0.0;20.0;15.0;0.0;;;SIN_NUTRIENTES_QUE_MOSTRAR PENALIZA_SIN_EXCESO_VISIBLE;dc2e5dc9-754e-44c8-b2b4-5ced7b9ab435
;34;Jugo Citric Natanja 3 L;"Parte de jugo de naranja exprimido, igual que la versión chica que puntúa 79, pero acá se agregan sorbato de potasio, benzoato de sodio y ácido ascórbico como conservantes. Esos tres aditivos explican los 45 puntos de diferencia entre un formato y otro.";Citric;Jugos;trampa;46;12;27.0;10.8;3.5;15.0;0.1;0.0;10.0;0.0;Azúcares 8.5g;Fibra alimentaria 0.6g;;6cd297ae-816f-49a5-9fa7-b363108514b5
;49;Helado Crufi Diet Frutilla con Frutilla en Trozos 1 L;"Sin azúcar agregado y con 6,5 g de fibra por 100 g gracias a la polidextrosa, además de solo 95 kcal. Lo que lo frena son los 20 puntos del ultraprocesado y la salsa de frutilla, que trae colorantes y conservantes en su propia lista.";Crufi;Helados;trampa;33;16;14.2;8.3;2.4;5.3;3.8;20.0;5.0;0.0;;Fibra alimentaria 6.5g | Proteínas 3.5g;PENALIZA_SIN_EXCESO_VISIBLE;d84b4c9e-3835-4d95-811b-1578fa985da6
;46;Helado Crufi Diet Flan Con Dulce De Leche 1 L;"Diez gramos de fibra por 100 g y menos de 100 kcal, un perfil nutricional inusual para un helado. Pierde por el ultraprocesado y porque la salsa de dulce de leche incluye eritritol, colorantes y conservantes dentro del propio ingrediente.";Crufi;Helados;trampa;33;13;15.1;10.2;2.5;6.0;5.2;20.0;5.0;0.0;;Fibra alimentaria 10.17g | Proteínas 4.33g;PENALIZA_SIN_EXCESO_VISIBLE;c9646ed0-4ebf-4bb4-a949-555d35d6d63b
;28;BISCOITO INTEGRAL COM MORANGO E CEREAIS;"Se presenta como integral y con cereales, y efectivamente aporta 4,7 g de fibra por 100 g. Pero el azúcar es el segundo ingrediente, tiene 460 kcal por 100 g y el preparado de frutilla suma colorantes, conservantes y estabilizantes por dentro.";Nesfit;Galletitas Dulces;trampa;21;7;16.2;11.1;3.3;22.1;5.5;20.0;5.0;0.0;Azúcares 22g;Fibra alimentaria 4.67g | Proteínas 9.67g;;e3bd5c78-f2ad-4257-85ed-ba2d0beb98cb
;43;Agua Saborizada H2Oh! Naranchello 1.5 L;"Sin azúcar agregado, lo que evita el descuento nutricional, pero con dieciocho ingredientes: acidulantes, aromatizantes, conservantes y vitaminas agregadas. Está clasificada como ultraprocesada y lo único que acredita es un poco de niacina.";H2O;Aguas Saborizadas;trampa;32;11;15.8;9.6;1.9;0.0;0.4;20.0;10.0;0.0;;Niacina 1.6mg;;9d3b2c15-d77a-42f7-b919-cd0454a7541f
;17;Refresco Gatorade Manzana 1.25 L;"El segundo ingrediente es jarabe de maíz de alta fructosa y el tercero azúcar. Sello de exceso de azúcares, ultraprocesado y cero nutrientes acreditables. La bebida deportiva puntúa igual que un refresco común porque, en composición, lo es.";Gatorade;Energizantes;trampa;19;2;18.4;11.1;3.2;15.0;0.0;20.0;15.0;0.2;Azúcares 6g;;;2c7cb5a7-9971-4ebc-a7be-3cd76f30802e
;38;Jugo Dairyco Naranja/Ma Light 3 L;"Jugos reconstituidos de naranja y mango con benzoato de sodio, sorbato de potasio y sucralosa. Sin azúcar no hay descuento nutricional, pero la carga de conservantes y la ausencia total de nutrientes acreditables lo dejan abajo.";Dairyco;Jugos;trampa;46;8;32.4;11.0;4.0;0.0;0.0;0.0;15.0;0.0;;;SIN_NUTRIENTES_QUE_MOSTRAR;6a9c5671-7481-48a7-abcf-7c1abdc1679b
;39;Queso Para Untar Requesón Conaprole Light 250 G;"Base láctea buena, con 13 g de proteína por 100 g. Pero pierde 25 puntos por la tabla nutricional, sobre todo sodio, y otros 20 por ultraprocesado, con fosfatos y estabilizantes en la lista. El light refiere a la grasa, no al resto.";Conaprole;Quesos;trampa;32;8;8.6;5.5;1.6;25.0;5.0;20.0;5.0;0.0;Grasas saturadas 6.33g | Sodio 740mg;Grasas monoinsaturadas 3g | Proteínas 13.33g;;ae59c410-4cca-430e-ba24-14a063c5720e
;20;Refresco Gatorade Cool Blue 500 Ml;"Jarabe de maíz de alta fructosa, azúcar, sello de exceso y colorante azul brillante. Ultraprocesado y sin ningún nutriente que acreditar. El aporte de electrolitos no compensa en una escala que mide qué tan saludable es el producto.";Gatorade;Energizantes;trampa;19;1;17.8;9.2;3.1;15.0;0.0;20.0;15.0;0.0;Azúcares 6g;;;38fa6092-5c90-4213-bf91-0b3cfaa3a4f6
;20;Refresco Gatorade Naranja 1.25 L;"Misma fórmula que las otras isotónicas: jarabe de maíz de alta fructosa arriba, azúcar después y amarillo ocaso como colorante. Sello de exceso de azúcares, ultraprocesado y ningún nutriente acreditable.";Gatorade;Energizantes;trampa;19;1;17.7;9.2;3.1;15.0;0.0;20.0;15.0;0.0;Azúcares 6g;;;ff3c9a95-7d79-42b0-a5cc-825250ce11ee
;49;Yogurísimo Licuado Mango Coco Y Sésamo 250 Ml;"Aporta 100 mg de calcio por 100 g y algo de proteína, y casi no tiene descuento nutricional. Pero el preparado de frutas trae jarabe de maíz de alta fructosa, almidón modificado, colorantes y conservantes dentro del mismo ingrediente, y está clasificado como ultraprocesado.";Yogurísimo;Leches y Yogures;trampa;59;10;20.4;7.1;2.8;0.2;4.6;20.0;5.0;0.0;;Calcio 99.6mg | Proteínas 2.84g;PENALIZA_SIN_EXCESO_VISIBLE;8e43699a-1426-4e6d-8e19-d380a690c75f
;39;Sopa Crema De Verduras Light Monte Cudine 37 G;"Tiene espinaca, cebolla y choclo reales entre sus ingredientes, todos con buen puntaje. Pero son veintitrés ingredientes en total, con proteína vegetal hidrolizada y extracto de levadura, 65 g de carbohidratos por 100 g y clasificación de ultraprocesado.";Monte Cudine;Sopa y Puré;trampa;43;4;12.7;6.7;2.7;12.0;3.2;20.0;10.0;0.0;Sodio 5768mg;Proteínas 8.8g;;030c3735-6cff-43ba-95dc-244d9e226e46
;100;Agua Mineral Nativa Sin Gas Full Sport 1 L;"Agua mineral pura, un solo ingrediente, sin nada agregado. El envase deportivo no cambia el contenido: sigue siendo el 100 de la escala.";Nativa;Aguas;ancla_buena;83;17;-3.0;0.0;0.0;0.0;0.0;0.0;0.0;0.0;;;SIN_NUTRIENTES_QUE_MOSTRAR;46d8629d-46a7-41b0-9af7-b5684ba563c5
;97;AGUA MINERAL MATUTINA CON GAS BOTELLA 2.25 LITROS;"Agua mineral con bicarbonato de sodio y dióxido de carbono, este último el único ingrediente que descuenta algo. Sin azúcares ni calorías. Los tres puntos que la separan de la versión sin gas son exactamente la carbonatación.";MATUTINA;Aguas;ancla_buena;83;14;2.8;0.0;0.0;0.0;0.0;0.0;0.0;0.0;;;SIN_NUTRIENTES_QUE_MOSTRAR;d51ba8bf-ab4d-4f61-827e-51e90e54e014
;84;Fideos Trigo Duro Barilla Angel Hair N°1 500 G;"Dos ingredientes: sémola de trigo duro y agua. Sin aditivos, sin azúcar y con 11,4 g de proteína y 3 g de fibra por 100 g. Los carbohidratos son altos, propios de una pasta seca, pero no hay nada más que penalizar.";Barilla;Pastas;ancla_buena;69;16;6.2;4.1;1.0;0.0;0.3;0.0;5.0;0.0;;Fibra alimentaria 3g | Proteínas 11.37g;;21181954-21cc-4ca4-8f1a-1b4a976ff86e
;84;Fideos Espinaca Adria Vermicelli 500 G;"Espinaca deshidratada y espinaca fresca entre los ingredientes, ambas con puntaje casi perfecto, y 15 g de proteína por 100 g. Sin aditivos ni conservantes. La harina fortificada es lo único que descuenta algo.";Adria;Pastas;ancla_buena;69;16;5.9;3.9;1.3;0.0;0.3;0.0;5.0;0.0;;Fibra alimentaria 2.25g | Proteínas 15g;;31207c62-6c0b-48a5-baf9-df5c0ffa3650
;84;Fideos Trigo Duro Barilla Spaghettoni 500 G;"Sémola de trigo duro y agua, nada más. Mismo perfil que el resto de las pastas secas de trigo duro: buena proteína, algo de fibra, sin aditivos y sin clasificación de ultraprocesado.";Barilla;Pastas;ancla_buena;69;16;6.2;4.1;1.0;0.0;0.3;0.0;5.0;0.0;;Fibra alimentaria 3g | Proteínas 11.37g;;e1609953-8672-494f-8bee-0c9939a279de
;82;Fideos Espinaca Adria Nido 500 Gr;"Harina fortificada con espinaca y ajo deshidratados, sin aditivos. Aporta 15 g de proteína por 100 g. Queda dos puntos por debajo de la versión vermicelli porque esta no incluye espinaca fresca en la lista.";Adria;Pastas;ancla_buena;69;14;7.9;4.4;1.5;0.0;1.0;0.0;5.0;0.0;;Fibra alimentaria 2.25g | Proteínas 15g;;07884b34-18bd-4050-b5ed-898eeab066b9
;76;Cous Cous Barilla 500 G;"Un único ingrediente, sémola de trigo duro, con 12 g de proteína y 3 g de fibra por 100 g. Sin aditivos ni azúcar. Los 71 g de carbohidratos por 100 g son lo que impide que suba más.";Barilla;Legumbres secas;ancla_buena;91;15;15.0;5.6;1.0;0.0;3.0;0.0;5.0;0.0;;Fibra alimentaria 3g | Proteínas 12g;;4a59c20c-c87e-44c0-bff3-d2c5a66f25b9
;75;Tomate Pelado Perita Arcor Lata 400 G;"Tomate pelado y jugo de tomate, ambos con puntaje casi perfecto, y solo ácido cítrico como aditivo. No descuenta nada por nutrición. Lo que lo frena es que la etiqueta declara apenas 0,6 g de fibra y 0,7 g de proteína por 100 g, por debajo del mínimo para acreditarlos: un tomate en lata es sobre todo agua.";Arcor;Salsas;ancla_buena;62;13;6.5;2.7;0.5;0.0;0.0;0.0;15.0;0.0;;;SIN_NUTRIENTES_QUE_MOSTRAR POBREZA_DISCUTIBLE;8bada35f-2a9e-4cfe-ac12-381ab8ce3b28
;81;Yerba Mate Armiño 1 Kg;"Ingrediente único y sin aditivos. Declara mucho menos que otras yerbas del catálogo, así que solo alcanza a acreditar la proteína, y eso le cuesta puntos por bajo aporte nutricional declarado.";Armiño;Yerbas;ancla_buena;92;11;2.2;5.6;1.0;0.0;0.0;0.0;10.0;0.0;;Proteínas 3g;POBREZA_DISCUTIBLE;d491b2f6-f764-40c9-8d7c-02b81991d2d2
;97;Yerba Mate Compuesta Serena Canaria 1 Kg;"Yerba mate con toronjil, mburucuyá, menta y tilo, todas hierbas con puntaje perfecto y sin un solo aditivo. Los valores de la etiqueta son los de la hoja seca, con mucha fibra y calcio, lo que la deja muy arriba.";Canarias;Yerbas;ancla_buena;92;5;-1.1;3.2;1.0;0.0;0.0;0.0;0.0;0.0;;Calcio 850mg | Fibra alimentaria 50g | Proteínas 8g;;f1a3765a-c835-449e-a9aa-92065ea0906c
;78;Fideos Foratti Al Huevo Adria 500 G;"Harina fortificada y huevo, que suma como ingrediente de puntaje perfecto, con 12,5 g de proteína por 100 g. El betacaroteno sintético usado como colorante es lo único que descuenta más allá de los carbohidratos.";Adria;Pastas;ancla_buena;69;10;13.5;4.4;1.5;0.0;2.1;0.0;5.0;0.0;;Fibra alimentaria 1.75g | Proteínas 12.5g;;35b56109-f370-40f2-b591-ac894e76c008
;76;Lasagna Facil Las Acacias 200 G;"Sémola de trigo duro como único ingrediente, sin aditivos ni conservantes. Aporta proteína y algo de fibra. Como toda pasta seca, los carbohidratos altos son lo único que la mantiene lejos del máximo.";Las Acacias;Pastas;ancla_buena;69;8;15.0;5.6;1.0;0.0;2.8;0.0;5.0;0.0;;Fibra alimentaria 2.5g | Proteínas 11.75g;;860d3c85-9863-4cc0-a2b9-05f6ace7245c
;93;Yerba Mate Canarias Té Rojo Y Centella 1 Kg;"Mezcla de yerba mate con té rojo y otras hierbas, todas de puntaje alto y sin ningún aditivo agregado. Los valores declarados de la hoja seca aportan fibra, calcio y proteína por encima del umbral.";Canarias;Yerbas;ancla_buena;92;1;2.2;3.8;1.4;0.0;0.0;0.0;0.0;0.0;;Calcio 787mg | Fibra alimentaria 50g | Proteínas 12g;;f48e843c-d4f2-4414-99e5-3fe81aff79b0
;91;Yerba Mate Canarias Edición Especial 1 Kg;"Yerba mate sola, sin agregados. Acredita fibra, calcio y proteína según los valores de la hoja seca. Está algo por debajo de la compuesta porque no suma el puntaje de las hierbas adicionales.";Canarias;Yerbas;ancla_buena;92;1;2.2;5.6;1.0;0.0;0.0;0.0;0.0;0.0;;Calcio 810mg | Fibra alimentaria 50g | Proteínas 8g;;7fdc351b-fe85-4e40-ba45-d9315fcffddb
;13;Queso Para Untar Conapole Cheddar 230 G;"Pierde 34 puntos por la tabla nutricional, sobre todo grasas saturadas y sodio, más 20 por ultraprocesado. Tiene almidón modificado, aromatizante sabor cheddar, colorantes y tres fosfatos distintos. Del queso queda poco más que el nombre.";Conaprole;Quesos;ancla_mala;32;19;17.7;7.4;3.2;34.0;3.4;20.0;10.0;1.9;Grasas saturadas 13g | Grasas trans 1g | Sodio 790mg;Proteínas 9.67g;;eb534176-6061-4f81-b57b-ded1400a2dee
;20;Postre Helado Crufi Suspiro De Menta 854 G;"Sello de exceso de azúcares, 24 puntos de descuento nutricional y ultraprocesado. La salsa de chocolate y el bizcochuelo traen jarabe de maíz de alta fructosa y emulsionantes dentro de su propia lista de ingredientes.";Crufi;Postres;ancla_mala;39;19;18.2;11.0;3.2;23.9;1.5;20.0;5.0;0.0;Azúcares -1;Fibra alimentaria 2g | Proteínas 3.17g;;89471470-2e81-4b6f-b561-b9b040f5584c
;6;Galletas Rellenas Lu Lu Chantilly 115 G;"De lo más castigado del catálogo. Tiene aceite vegetal hidrogenado, el peor ingrediente posible en la tabla, más jarabe de maíz de alta fructosa y glucosa. Con 480 kcal y 70 g de carbohidratos por 100 g, ultraprocesada, la suma de penalizaciones supera el máximo teórico.";Lu Lu;Galletitas Dulces;ancla_mala;21;15;26.3;10.5;4.4;37.0;2.1;20.0;10.0;12.3;Azúcares 30.67g | Grasas saturadas 8.67g | Grasas trans 1g;Proteínas 5.67g;MUY_AMORTIGUADO;4da2e22c-174c-49cd-8b2b-7dae45a94bda
;6;Galletas Rellenas Lu Lu Frutilla 115 G;"Idéntica a la versión chantilly: aceite vegetal hidrogenado, jarabe de maíz de alta fructosa, 480 kcal por 100 g y 73 g de carbohidratos. Ultraprocesada y sin ningún nutriente que acreditar más allá de algo de proteína del trigo.";Lu Lu;Galletitas Dulces;ancla_mala;21;15;26.3;10.6;4.4;37.0;2.0;20.0;10.0;12.5;Azúcares 31.67g | Grasas saturadas 8.33g | Grasas trans 1g;Proteínas 5.33g;MUY_AMORTIGUADO;c43f0079-7dd2-4c66-8eed-03228542f096
;18;Aderezo Mayonesa Mayoliva 237 G;"Tiene aceite de oliva extra virgen y huevo entre los ingredientes, pero también veintiún ingredientes en total y 467 kcal por 100 g. Pierde 25 puntos por la tabla nutricional, 20 por ultraprocesado y otros 15 por no acreditar ningún nutriente beneficioso.";Mayoliva;Aderezos;ancla_mala;33;15;10.3;9.8;2.1;24.8;0.0;20.0;15.0;0.1;Sodio 758.33mg;;;cb894830-5e8a-4f95-accb-33e2dd8b3554
;8;Caldo Maggi Gallina 6U;"Lleva butilhidroxianisol y butilhidroxitolueno, dos antioxidantes sintéticos con la toxicidad más alta de la tabla, más glutamato monosódico y aceite de palma. Con la sal como primer ingrediente, el descuento por sodio es máximo. Es de los puntajes más bajos del catálogo.";Maggi;Condimentos;ancla_mala;15;7;21.4;13.7;6.2;24.0;0.0;20.0;15.0;8.1;Grasas saturadas 14.74g | Sodio 18378.95mg;;MUY_AMORTIGUADO;cd41e3dd-6789-4986-89b6-933bbea9ac49
;16;Refresco Fanta Naranja Retornable 2 L - Incluye Envase;"Misma fórmula que la Fanta en botella grande: amaranto y amarillo ocaso como colorantes, benzoato de sodio, EDTA cálcico disódico y sello de exceso de azúcares. Los colorantes son lo que la separa del resto de los refrescos.";Fanta;Refrescos;ancla_mala;25;9;20.0;11.0;3.1;15.0;0.0;20.0;15.0;0.4;Azúcares 6g;;;46c0db12-4d07-4a0e-919b-a419188468a1
;19;Masa Para Empanadas Hojaldrada La Especialista 12 U;"Margarina como tercer ingrediente y 24 puntos de descuento por grasas y sodio, más los 20 del ultraprocesado. Los conservantes propionato de calcio y sorbato de potasio completan el cuadro. La masa comprada arranca muy por debajo de la casera.";La Especialista;Masas;ancla_mala;27;8;19.5;7.2;2.9;23.8;2.6;20.0;10.0;0.0;Grasas saturadas 6g;Proteínas 7g;;10a1cba1-eb5b-4aec-a9d4-014902eb09c5
;19;Masa Para Empanada Caseras La Especialista 20 U;"El nombre dice casera pero la lista incluye margarina, cloruro de potasio, propionato de calcio y sorbato de potasio. Pierde 24 puntos por la tabla nutricional y 20 por ultraprocesado, exactamente igual que la versión hojaldrada.";La Especialista;Masas;ancla_mala;27;8;19.9;7.3;3.0;23.8;2.6;20.0;10.0;0.0;Grasas saturadas 6g;Proteínas 7g;;0d7c51b6-c3b7-41d6-aec7-9dec432b61ab
;19;Masa Para Empanadas Casera La Especilista 12 Ud;"Idéntica en composición y puntaje a las otras masas de la marca: margarina, conservantes y clasificación de ultraprocesado. Aporta algo de proteína del trigo y poco más.";La Especialista;Masas;ancla_mala;27;8;19.9;7.3;3.0;23.8;2.6;20.0;10.0;0.0;Grasas saturadas 6g;Proteínas 7g;;6ac213c2-52b0-4ef4-a553-0a5313022a2f
;10;Caldo De Carne Monte Cudine 9G 10 U;"Sal como primer ingrediente y grasa vegetal hidrogenada como tercero, un ingrediente de toxicidad media-alta. Ultraprocesado, con proteína vegetal hidrolizada y extracto de levadura. El descuento por sodio es el máximo posible.";Monte Cudine;Condimentos;ancla_mala;15;5;22.1;10.0;3.9;24.0;0.0;20.0;15.0;4.8;Sodio 20220mg;;MUY_AMORTIGUADO;f016ed5a-883c-4f26-997a-c63df9b18590
;19;Salamin Schneck Al Vacio 190 Gr;"Pierde 24 puntos por la tabla nutricional, sobre todo grasas saturadas y sodio, con 430 kcal por 100 g, más 20 por ultraprocesado. Tiene buena proteína, pero los nitritos y la carga de sal son determinantes en un embutido curado.";Schneck;Embutidos;ancla_mala;27;8;15.1;11.9;3.9;24.0;3.9;20.0;10.0;0.0;Grasas saturadas 18g | Sodio 950mg;Proteínas 12g;;ef5b83fe-c236-4ac8-b646-a86d548ef3d7
;17;Caldo Maggi Carne 6U;"Sal como primer ingrediente, aceite de palma y una lista larga de aditivos. Descuento máximo por sodio, 20 puntos por ultraprocesado y otros 15 por no aportar ningún nutriente. Puntúa algo mejor que el de gallina porque no lleva los antioxidantes sintéticos más duros.";Maggi;Condimentos;ancla_mala;15;2;14.0;7.4;3.3;24.0;0.0;20.0;15.0;0.4;Grasas saturadas 14g | Sodio 17960mg;;;58130857-4774-4a69-9ae8-e2f8965def25
;17;Sazonador Jugoso Pollo Mediterraneo Maggi 25 G;"Arranca con una mezcla de vegetales deshidratados reales, pero incluye galato de propilo, un antioxidante sintético de toxicidad media-alta, y aceite de palma. Ultraprocesado y sin ningún nutriente acreditable pese al origen vegetal.";Maggi;Condimentos;ancla_mala;15;2;22.1;10.6;4.2;12.0;0.0;20.0;15.0;0.4;Sodio 9420mg;;;669ed96f-60ca-4743-b51b-00a92c672cf5
;27;Sopa Instantánea De Choclo Monte Cudine Sobre 15 G;"El primer ingrediente es almidón modificado y el segundo azúcar, antes que cualquier vegetal. Con dieciocho ingredientes, 69 g de carbohidratos por 100 g y clasificación de ultraprocesado, del choclo queda poco.";Monte Cudine;Sopa y Puré;medio;43;16;22.7;7.9;3.8;12.0;3.0;20.0;10.0;0.0;Sodio 4165.52mg;Proteínas 8.28g;;2209879e-a057-41e6-8180-cf664c122542
;67;Pan Rallado Saborizado Sin Sal Rallopan 450 G;"Solo tres ingredientes, orégano, ajo y harina fortificada, sin sal agregada, lo que evita todo descuento por sodio. Aporta proteína y fibra. Lo único que lo baja son los 20 puntos por la clasificación de ultraprocesado.";Rallopan;Panes;medio;51;16;2.8;3.9;1.2;0.0;0.0;20.0;5.0;0.0;;Fibra alimentaria 3.67g | Proteínas 10.67g;;b35a0344-ad5c-434b-888d-e7fd7dd20139
;51;Queso Casancrem Light Sin Sal Agregada 290 Gr;"Sin sal agregada, así que casi no descuenta por sodio, y aporta 8 g de proteína por 100 g. Pierde sobre todo por los 20 puntos del ultraprocesado, con almidón modificado, gelatina y tres gomas como estabilizantes.";Casancrem;Quesos;medio;32;20;12.0;6.6;2.5;5.8;2.9;20.0;5.0;0.0;;Grasas monoinsaturadas 1.67g | Proteínas 8g;PENALIZA_SIN_EXCESO_VISIBLE;0906b00e-605e-4d24-826d-3cb86b0b9bfa
;69;Agua Mineral Salus Con Gas Pack 4 U 2.25 L;"Un agua mineralizada, no un agua mineral natural: la etiqueta declara calcio, magnesio y dos cloruros agregados. Esos aditivos son los que la separan de las aguas que puntúan 100. Aporta magnesio, pero poco.";Salus;Aguas;medio;83;14;13.6;5.6;2.6;0.0;0.5;0.0;10.0;0.0;;Magnesio 8mg;POBREZA_DISCUTIBLE;9f53f41f-96aa-4dc7-82f6-538914929486
;56;Postre Viva Chocolate 2 U 110 G;"Aporta 94 mg de calcio por 100 g y algo de proteína, sin descuento nutricional. Los 20 puntos de ultraprocesado y los aditivos, almidón modificado, carragenina y sorbato de potasio, son lo que lo mantienen en el medio de la tabla.";Viva;Postres;medio;39;17;14.2;5.8;1.8;0.0;3.0;20.0;5.0;0.0;;Calcio 93.64mg | Proteínas 3.45g;;89add6c3-5f1e-4298-9c48-af584e908439
;73;Pulpa de Tomate Arcor Tetra 520 G;"Tomate y ácido cítrico, nada más. Ningún descuento por nutrición ni por procesamiento. Lo que lo frena es que no declara ningún nutriente por encima del mínimo, algo esperable en un producto que es casi todo agua.";Arcor;Salsas;medio;62;11;7.7;3.4;0.7;0.0;0.0;0.0;15.0;0.0;;;SIN_NUTRIENTES_QUE_MOSTRAR POBREZA_DISCUTIBLE;27ef0428-27b2-4602-92f2-952c7ba83db9
;50;Agua Saborizada H2Oh! Limoneto 1.5 L;"Sin azúcar agregado, y eso la deja bastante mejor que las saborizadas azucaradas. Aun así son quince ingredientes con acidulantes, aromatizantes y vitaminas agregadas, y está clasificada como ultraprocesada.";H2O;Aguas Saborizadas;medio;32;18;10.5;7.8;1.9;0.0;0.2;20.0;10.0;0.0;;Niacina 1.6mg;;d921524a-b2cd-45ef-87ea-0eafd43b62e8
;55;Pack Ser Postre Dulce De Leche 2 U;"Sin descuento nutricional y con cuatro nutrientes acreditados: calcio, fibra, proteína y zinc, gracias a la inulina y la fortificación. Los 20 puntos del ultraprocesado son prácticamente lo único que lo baja.";Ser;Postres;medio;39;16;19.4;8.9;2.9;0.0;6.3;20.0;0.0;0.0;;Calcio 136.84mg | Fibra alimentaria 2.32g | Proteínas 3.68g | Zinc 1.47mg;;1d15a428-1f98-4b44-a0d8-27b3bf73ff0f
;72;Tomates Perita Enteros Pelados Las Acacias 400 G;"Tomate y jugo de tomate con ácido cítrico como único aditivo. Sin descuento nutricional ni de procesamiento. Como el resto de los tomates en lata, no llega más arriba porque sus valores declarados quedan por debajo del mínimo acreditable.";Las Acacias;Salsas;medio;62;10;8.9;3.1;0.7;0.0;0.0;0.0;15.0;0.0;;;SIN_NUTRIENTES_QUE_MOSTRAR POBREZA_DISCUTIBLE;6445a02f-2ef9-43d1-b681-56b951364e69
;40;Jamón Cocido Del Campo a la Mesa 200 G;"Carne porcina con buen puntaje y 12 g de proteína por 100 g, con solo 103 kcal. Pierde por la clasificación de ultraprocesado y por los aditivos de curado: difosfato de sodio, carragenina y nitritos.";Del Campo A La Mesa;Embutidos;medio;27;13;8.0;10.7;2.9;12.0;3.9;20.0;10.0;0.0;Sodio 1100mg;Proteínas 12.06g;;8254023a-2dd0-4731-8c2d-de9541c617ef
;39;Salame Del Campo a la Mesa 200 G;"Solo cuatro ingredientes, pero uno es nitrito de sodio, con la toxicidad más alta de la tabla. Descuenta 24 puntos por grasas saturadas y sodio. A favor tiene 22 g de proteína por 100 g y no estar clasificado como ultraprocesado.";Del Campo A La Mesa;Embutidos;medio;27;12;14.6;12.8;4.0;24.0;4.7;0.0;10.0;0.0;Grasas saturadas 7.57g | Sodio 1418.92mg;Proteínas 21.89g;;f227b8e1-09ea-4c55-a5df-7dd33db52265
;21;Masa Para Empanada Avanti Casera 20 U;"Margarina como tercer ingrediente, más gluten de trigo, propionato de calcio y ácido sórbico. Pierde 23 puntos por la tabla nutricional y 20 por ultraprocesado, en línea con el resto de las masas industriales.";Avanti;Masas;medio;27;6;18.1;7.3;3.1;23.0;2.4;20.0;10.0;0.0;;Proteínas 6.33g;PENALIZA_SIN_EXCESO_VISIBLE;782d3c6e-bb86-4ecb-ae87-8f1a8e6dab40
;13;Crema Vegetal Soya Pote 500 G;"Agua y aceite vegetal como base, con emulsionantes, benzoato de sodio y aromatizante sin especificar. Descuenta 24 puntos por grasas, 20 por ultraprocesado y otros 15 por no aportar ningún nutriente acreditable.";Soya;Mantecas y Grasas;relleno;34;21;17.2;10.4;2.6;24.0;0.0;20.0;15.0;2.0;Grasas saturadas 7g | Sodio 1030mg;;;f9e692b0-aa34-4766-94d0-d6daec1c597c
;37;CEREAL MIX LIGHT MANZANA & AVENA;"Aporta 11,7 g de fibra por 100 g, un valor alto de verdad, y tiene manzana deshidratada, arroz y avena reales. Pero el primer ingrediente es jarabe de maltitol y lleva sorbitol, y está clasificado como ultraprocesado. El rótulo light es sobre el azúcar, no sobre el procesamiento.";Arcor;Snacks saludables;relleno;37;0;18.0;9.7;2.0;18.0;4.8;20.0;0.0;0.0;Azúcares 18.26g | Polialcoholes 31.74g;Fibra alimentaria 11.74g | Grasas monoinsaturadas 1.3g | Proteínas 2.61g;;9e12e3b1-364f-4833-984b-850d33dcad39
